name,pid,img_files,series,team,range
Candy Cookie,3-006,candy_cookie_3-006.png;candy_cookie_3-015.png,Series 3,Bakery,Shopkins
Cam Camera,FAD-006,cam_camera_FAD-006.png;cam_camera_FS-039.png;cam_camera_FS-045.png,Series 3,Exclusive,Fashion Spree
Kimberly Cap,FGF-005,kimberly_cap_FGF-005.png,Series 4,Exclusive,Fashion Spree
Miss Pressy,4-063,miss_pressy_4-063.png;miss_pressy_4-068.png;miss_pressy_GCC-004.png;miss_pressy_VAL-003.png,Series 4,Party Time,Shopkins
Gran Jam,1-022,gran_jam_1-022.png;gran_jam_1-031.png;gran_jam_SMF-002.png,Series 1,Pantry,Shopkins
Boneadette,4-125,boneadette_4-125.png;boneadette_4-128.png,Series 4,Petkins,Shopkins
Bobby Goggles,FFC-001,bobby_goggles_FFC-001.png,Series 4,Exclusive,Fashion Spree
Jeanie Beanie,FFC-007,jeanie_beanie_FFC-007.png,Series 4,Exclusive,Fashion Spree
Smarty Phone,FA-028,smarty_phone_FA-028.png;smarty_phone_FS-010.png;smarty_phone_FS-031.png,Series 2,Exclusive,Fashion Spree
Lola Roller Blade,5-006,lola_roller_blade_5-006.png;lola_roller_blade_5-014.png,Series 5,Sport,Shopkins
Chrissy Cream,SHP-016,chrissy_cream_SHP-016.png,Series 6,Exclusive,Shopkins
Tina Tuna,1-139,tin'a'tuna_1-139.png,Series 1,Limited Edition,Shopkins
Corny Cob,2-004,corny_cob_2-004.png;corny_cob_2-012.png,Series 2,Fruit and Veg,Shopkins
Lee Tea,2-140,lee_tea_2-140.png,Series 2,Limited Edition,Shopkins
Super Celery,3-074,super_celery_3-074.png;super_celery_3-082.png,Series 3,Fruit and Veg,Shopkins
Bessie Bowl,7-082,bessie_bowl_7-082.png,Series 6,Limited Edition,Shopkins
Madeline Muffin,6-006,madeline_muffin_6-006.png,Series 6,Breakfast,Shopkins
Belinda Blender,7-081,belinda_blender_7-081.png,Series 6,Limited Edition,Shopkins
Polly Piano,5-035,polly_piano_5-035.png;polly_piano_5-043.png,Series 5,Music,Shopkins
Freezy Peazy,1-128,freezy_peazy_1-128.png;freezy_peazy_1-136.png,Series 1,Frozen Food,Shopkins
Tubby Butter,4-096,tubby_butter_4-096.png;tubby_butter_4-099.png,Series 4,Petkins,Shopkins
Secret Sally,3-128,secret_sally_3-128.png;secret_sally_3-136.png;secret_sally_BB-037.png,Series 3,Stationery,Shopkins
Sugar Lump,1-019,sugar_lump_1-019.png;sugar_lump_1-028.png,Series 1,Pantry,Shopkins
Alpha Soup,1-021,alpha_soup_1-021.png;alpha_soup_1-030.png;alpha_soup_SV-001.png,Series 1,Pantry,Shopkins
Flutter Cake,1-038,flutter_cake_1-038.png;flutter_cake_1-045.png;flutter_cake_FF-009.png;flutter_cake_FF-027.png,Series 1,Bakery,Shopkins
Heidi Hibiscus,FTC-001,heidi_hibiscus_FTC-001.png,Series 4,Exclusive,Fashion Spree
Royal Cupcake,5-072,royal_cupcake_5-072.png;royal_cupcake_5-080.png,Series 5,Bakery,Shopkins
Fairy Crumbs,1-088,fairy_crumbs_1-088.png;fairy_crumbs_1-098.png;fairy_crumbs_FF-042.png;fairy_crumbs_FF-048.png,Series 1,Party Food,Shopkins
Lizzy Lace-up,3-039,lizzy_lace-up_3-039.png;lizzy_lace-up_3-047.png;lizzy_lace-up_BB-024.png,Series 3,Shoes,Shopkins
Carrie Backpack,FGF-004,carrie_backpack_FGF-004.png,Series 4,Exclusive,Fashion Spree
Kyla Crepe,SHP-004,kyla_crepe_SHP-004.png,Series 6,Exclusive,Shopkins
Lenny Lime,2-139,lenny_lime_2-139.png,Series 2,Limited Edition,Shopkins
Silly Chilli,2-008,silly_chilli_2-008.png;silly_chilli_2-016.png,Series 2,Fruit and Veg,Shopkins
Dribbles,2-121,dribbles_2-121.png;dribbles_2-129.png,Series 2,Baby,Shopkins
Hot Apple Pie,1-146,hot_apple_pie_1-146.png,Series 1,Exclusive,Shopkins
Frenchy Perfume,4-137,frenchy_perfume_4-137.png,Series 4,Limited Edition,Shopkins
Ring-A-Rosie,3-139,ring-a-rosie_3-139.png,Series 3,Limited Edition,Shopkins
Mindy Mirror,FS-003,mindy_mirror_FS-003.png,Series 3,Exclusive,Fashion Spree
Lisa Litter,2-023,lisa_litter_2-023.png;lisa_litter_2-032.png,Series 2,Homewares,Shopkins
Beverley Heels,3-035,beverley_heels_3-035.png;beverley_heels_3-043.png;beverley_heels_SBB-B.png,Series 3,Shoes,Shopkins
Mary Wishes,4-064,mary_wishes_4-064.png;mary_wishes_4-069.png;mary_wishes_SE_023.png;mary_wishes_SE_024.png,Series 4,Party Time,Shopkins
Lizzy Laptop,5-138,lizzy_laptop_5-138.png;lizzy_laptop_5-146.png,Series 5,Tech,Shopkins
Cheeky Cherries,4-004,cheeky_cherries_4-004.png;cheeky_cherries_4-009.png;cheeky_cherries_SE_005.png;cheeky_cherries_SE_006.png,Series 4,Fruit and Veg,Shopkins
Frogurt,FF-018,frogurt_FF-018.png,Series 3,Cool and Creamy,Food Fair
Will Barrow,4-053,will_barrow_4-053.png;will_barrow_4-059.png,Series 4,Garden,Shopkins
Frilly Tutu,SHP-019,frilly_tutu_SHP-019.png,Series 6,Exclusive,Shopkins
Angie Ankle Boot,2-142,angie_ankle_boot_2-142.png,Series 2,Limited Edition,Shopkins
Hot Chocco,FF-020,hot_chocco_FF-020.png,Series 3,Cupcake,Food Fair
Leafy,2-095,leafy_2-095.png;leafy_2-104.png,Series 2,Cleaning & Laundry,Shopkins
Fasta Pasta,2-071,fasta_pasta_2-071.png;fasta_pasta_2-080.png,Series 2,Pantry,Shopkins
Breaky Crunch,1-020,breaky_crunch_1-020.png;breaky_crunch_1-029.png,Series 1,Pantry,Shopkins
Daisy Donut,SH-003,daisy_donut_SH-003.png,Series 4,Exclusive,Shopkins
Choco Lava,2-040,choco_lava_2-040.png;choco_lava_2-049.png;choco_lava_FF-052.png;choco_lava_FF-058.png;choco_lava_SXL-005.png;choco_lava_SXL-011.png,Series 2,Bakery,Shopkins
Brimmy,3-022,brimmy_3-022.png;brimmy_3-030.png,Series 3,Hats,Shopkins
Strawberry Top,6-005,strawberry_top_6-005.png,Series 6,Breakfast,Shopkins
Choc E. Tubs,6-027,choc_e._tubs_6-027.png,Series 6,Sweets,Shopkins
Croissant dOr,3-089,croissant_d'or_3-089.png;croissant_d'or_3-098.png;croissant_d'or_FF-015.png;croissant_d'or_FF-033.png,Series 3,International Food,Shopkins
Shoes-anne,SSP-005,shoes-anne_SSP-005.png,Series 5,Exclusive,Shopkins
Honeeey,2-073,honeeey_2-073.png;honeeey_2-082.png,Series 2,Pantry,Shopkins
Fancy Fascinator,FSD-000,fancy_fascinator_FSD-000.png,Series 3,Exclusive,Fashion Spree
Ring-A-Ling,FS-001,ring-a-ling_FS-001.png;ring-a-ling_FS-019.png,Series 2,Exclusive,Fashion Spree
Cool cube,1-124,cool_cube_1-124.png;cool_cube_1-132.png,Series 1,Frozen Food,Shopkins
Sandy Shut Eye,FSF-003,sandy_shut_eye_FSF-003.png,Series 4,Exclusive,Fashion Spree
Le'Quorice,1-049,le'quorice_1-049.png;le'quorice_1-058.png;le'quorice_FF-050.png;le'quorice_FF-056.png;le'quorice_SHS-038.png;le'quorice_SHS-044.png,Series 1,Sweet Treats,Shopkins
Ros Berry,6-034,ros_berry_6-034.png,Series 6,Breakfast,Shopkins
Jelly Snake,SHS-036,jelly_snake_SHS-036.png;jelly_snake_SHS-042.png;jelly_snake_SPC-004.png,Series 5,Exclusive,Shopkins
Sippa,1-087,sippa_1-087.png;sippa_1-097.png,Series 1,Party Food,Shopkins
Clutch,FSD-005,clutch_FSD-005.png,Series 3,Exclusive,Fashion Spree
Sprinkle Lee Cake,5-083,sprinkle_lee_cake_5-083.png;sprinkle_lee_cake_5-091.png,Series 5,Sweet Treats,Shopkins
Sadie Soda,FF-005,sadie_soda_FF-005.png,Series 3,Fast Food,Food Fair
Dinky Drink,GCC-005,dinky_drink_GCC-005.png,Series 4,Exclusive,Shopkins
Cheery Churro ,2-059,cheery_churro__2-059.png;cheery_churro__2-067.png,Series 2,Sweet Treats,Shopkins
Choc Chips,6-014,choc_chips_6-014.png,Series 6,Sweets,Shopkins
Cassie Caster Sugar,6-040,cassie_caster_sugar_6-040.png,Series 6,Bakery,Shopkins
Pippa Lemon,6-011,pippa_lemon_6-011.png,Series 6,Breakfast,Shopkins
Snorky,5-008,snorky_5-008.png;snorky_5-016.png,Series 5,Sport,Shopkins
Cherry-Anne,6-046,cherry-anne_6-046.png,Series 6,Sweets,Shopkins
Polly Popcorn,SH_008,polly_popcorn_SH_008.png,Series 4,Exclusive,Shopkins
Molly Mops,2-091,molly_mops_2-091.png;molly_mops_2-100.png,Series 2,Cleaning & Laundry,Shopkins
Shampoo Sue,2-128,shampoo_sue_2-128.png;shampoo_sue_2-136.png,Series 2,Baby,Shopkins
Flappy Cap,3-021,flappy_cap_3-021.png;flappy_cap_3-029.png;flappy_cap_BB-011.png;flappy_cap_SCH-004.png;flappy_cap_SCH-010.png,Series 3,Hats,Shopkins
Posh Pear,1-007,posh_pear_1-007.png;posh_pear_1-014.png,Series 1,Fruit and Veg,Shopkins
Rockin' Choc,5-081,rockin'_choc_5-081.png;rockin'_choc_5-089.png,Series 5,Sweet Treats,Shopkins
Cream E Cookie,3-052,cream_e_cookie_3-052.png;cream_e_cookie_3-061.png;cream_e_cookie_FF-039.png;cream_e_cookie_FF-045.png,Series 3,Sweet Treats,Shopkins
Chocky Croissant,5-087,chocky_croissant_5-087.png;chocky_croissant_5-095.png,Series 5,Sweet Treats,Shopkins
Swiss Roll,FF-024,swiss_roll_FF-024.png,Series 3,Cupcake,Food Fair
Judy Jug,7-086,judy_jug_7-086.png,Series 6,Limited Edition,Shopkins
Toast T. Warm,6-031,toast_t._warm_6-031.png,Series 6,Breakfast,Shopkins
Kelly Calculator,3-126,kelly_calculator_3-126.png;kelly_calculator_3-134.png,Series 3,Stationery,Shopkins
Sam Soy,6-017,sam_soy_6-017.png,Series 6,Family Food,Shopkins
Teary Onion,6-024,teary_onion_6-024.png,Series 6,Family Food,Shopkins
Snow Crush,1-126,snow_crush_1-126.png;snow_crush_1-134.png,Series 1,Frozen Food,Shopkins
Bailey Baseball Glove,5-004,bailey_baseball_glove_5-004.png;bailey_baseball_glove_5-012.png,Series 5,Sport,Shopkins
Sponge Cake,1-150,sponge_cake_1-150.png,Series 1,Exclusive,Shopkins
Drinky Drink,4-131,drinky_drink_4-131.png;drinky_drink_4-134.png,Series 4,Petkins,Shopkins
Freddy Fried Rice ,6-062,freddy_fried_rice__6-062.png,Series 6,Family Food,Shopkins
Chloe Flower,2-001,chloe_flower_2-001.png;chloe_flower_2-009.png,Series 2,Fruit and Veg,Shopkins
Shampy,1-104,shampy_1-104.png;shampy_1-114.png,Series 1,Health & Beauty,Shopkins
Creamy Cookie Cupcake,5-070,creamy_cookie_cupcake_5-070.png;creamy_cookie_cupcake_5-078.png,Series 5,Bakery,Shopkins
Penny Pencil,3-123,penny_pencil_3-123.png;penny_pencil_3-131.png;penny_pencil_BB-038.png,Series 3,Stationery,Shopkins
Waggy Tag,4-126,waggy_tag_4-126.png;waggy_tag_4-129.png,Series 4,Petkins,Shopkins
Pizza Will,7-083,pizza_will_7-083.png,Series 6,Limited Edition,Shopkins
Herb L. Teabag,6-010,herb_l._teabag_6-010.png,Series 6,Breakfast,Shopkins
Cheezey B,1-089,cheezey_b_1-089.png;cheezey_b_1-099.png;cheezey_b_SV-002.png,Series 1,Party Food,Shopkins
Noni Notebook,3-124,noni_notebook_3-124.png;noni_notebook_3-132.png,Series 3,Stationery,Shopkins
Peachy,3-069,peachy_3-069.png;peachy_3-077.png;peachy_BB-004.png,Series 3,Fruit and Veg,Shopkins
Miss Twist,1-055,miss_twist_1-055.png;miss_twist_1-064.png;miss_twist_SHS-048.png;miss_twist_SHS-054.png;miss_twist_SMF-003.png,Series 1,Sweet Treats,Shopkins
Choc Buds,7-077,choc_buds_7-077.png,Series 6,Sweets,Shopkins
Cinnamon Sally,6-039,cinnamon_sally_6-039.png,Series 6,Bakery,Shopkins
Kelly Jelly,FS-002,kelly_jelly_FS-002.png,Series 3,Exclusive,Fashion Spree
Nilla Slice,3-009,nilla_slice_3-009.png;nilla_slice_3-018.png;nilla_slice_BB-003.png;nilla_slice_FF-053.png;nilla_slice_FF-059.png,Series 3,Bakery,Shopkins
Melissa Milk,6-003,melissa_milk_6-003.png,Series 6,Bakery,Shopkins
Mr. Muffin,FF-022,mr._muffin_FF-022.png,Series 3,Cupcake,Food Fair
Cupcake Queen,1-137,cupcake_queen_1-137.png,Series 1,Limited Edition,Shopkins
Comfy Chair,4-042,comfy_chair_4-042.png;comfy_chair_4-047.png,Series 4,Homewares,Shopkins
Mandy Mandarine,SGCC-003,mandy_mandarine_SGCC-003.png,Series 5,Exclusive,Shopkins
Snug Ugg,3-041,snug_ugg_3-041.png;snug_ugg_3-049.png;snug_ugg_BB-012.png;snug_ugg_SCH-005.png;snug_ugg_SCH-011.png,Series 3,Shoes,Shopkins
Sippy Sips,2-125,sippy_sips_2-125.png;sippy_sips_2-133.png,Series 2,Baby,Shopkins
Popsi Cool,1-122,popsi_cool_1-122.png;popsi_cool_1-130.png;popsi_cool_SIT-002.png,Series 1,Frozen Food,Shopkins
Sneaker,FCC-003,sneaker_FCC-003.png;sneaker_FS-005.png;sneaker_FS-023.png;sneaker_FS-026.png,Series 3,Exclusive,Fashion Spree
Al Foil,2-074,al_foil_2-074.png;al_foil_2-083.png,Series 2,Pantry,Shopkins
Rolly Sleeping Bag,FSF-004,rolly_sleeping_bag_FSF-004.png,Series 4,Exclusive,Fashion Spree
Coney,FF-015,coney_FF-015.png,Series 3,Cool and Creamy,Food Fair
Peppe Pepper,1-017,peppe_pepper_1-017.png;peppe_pepper_1-026.png,Series 1,Pantry,Shopkins
Flava Ava,1-070,flava_ava_1-070.png;flava_ava_1-078.png,Series 1,Dairy,Shopkins
Fudgey,FF-016,fudgey_FF-016.png,Series 3,Cool and Creamy,Food Fair
Tutucute,FSB-000,tutucute_FSB-000.png,Series 3,Exclusive,Fashion Spree
Red Velvet Cupcake,CCQ_2,red_velvet_cupcake_CCQ_2.png,Series 4,Exclusive,Food Fair
Sour Lemon,2-002,sour_lemon_2-002.png;sour_lemon_2-010.png,Series 2,Fruit and Veg,Shopkins
Chelsea Charm,3-138,chelsea_charm_3-138.png,Series 3,Limited Edition,Shopkins
Katie Skateboard,5-002,katie_skateboard_5-002.png;katie_skateboard_5-010.png,Series 5,Sport,Shopkins
Woody Garden Chair,5-017,woody_garden_chair_5-017.png;woody_garden_chair_5-025.png,Series 5,Garden,Shopkins
Doggy Bowl,4-073,doggy_bowl_4-073.png;doggy_bowl_4-081.png,Series 4,Petshop,Shopkins
Percy PC,5-133,percy_pc_5-133.png;percy_pc_5-141.png,Series 5,Tech,Shopkins
Ollie Orange Cake,5-067,ollie_orange_cake_5-067.png;ollie_orange_cake_5-075.png,Series 5,Bakery,Shopkins
Earring Twins,4-109,earring_twins_4-109.png;earring_twins_4-112.png;earring_twins_SE_025.png;earring_twins_SE_026.png;earring_twins_SMS-010.png,Series 4,Petkins,Shopkins
Lynne Spring,5-151,lynne_spring_5-151.png,Series 5,Limited Edition,Shopkins
Wild Carrot,3-070,wild_carrot_3-070.png;wild_carrot_3-078.png;wild_carrot_BB-009.png;wild_carrot_SCH-002.png;wild_carrot_SCH-008.png,Series 3,Fruit and Veg,Shopkins
Hula Hips,FTC-005,hula_hips_FTC-005.png,Series 4,Exclusive,Fashion Spree
Roasty Slipper,FSF-007,roasty_slipper_FSF-007.png,Series 4,Exclusive,Fashion Spree
Patti Polish,FSF-001,patti_polish_FSF-001.png,Series 4,Exclusive,Fashion Spree
D'Lish Donut,5-100,d'lish_donut_5-100.png;d'lish_donut_5-112.png;d'lish_donut_5-124.png,Series 5,Charms,Shopkins
Sadie Soccerball,5-003,sadie_soccerball_5-003.png;sadie_soccerball_5-011.png,Series 5,Sport,Shopkins
Freda Fern,5-022,freda_fern_5-022.png;freda_fern_5-030.png,Series 5,Garden,Shopkins
Tracey Tomato,4-090,tracey_tomato_4-090.png;tracey_tomato_4-093.png,Series 4,Petkins,Shopkins
Twirly Spaghetti,6-061,twirly_spaghetti_6-061.png,Series 6,Family Food,Shopkins
Milly Mushroom,4-003,milly_mushroom_4-003.png;milly_mushroom_4-008.png;milly_mushroom_SE_015.png;milly_mushroom_SE_016.png,Series 4,Fruit and Veg,Shopkins
Gabby Gamer,5-136,gabby_gamer_5-136.png;gabby_gamer_5-144.png,Series 5,Tech,Shopkins
Olivia Oil,2-072,olivia_oil_2-072.png;olivia_oil_2-081.png,Series 2,Pantry,Shopkins
Tippy and Toes,SHP-020,tippy_and_toes_SHP-020.png,Series 6,Exclusive,Shopkins
Prommy,2-105,prommy_2-105.png;prommy_2-113.png;prommy_5-101.png;prommy_5-113.png;prommy_5-125.png;prommy_FS-008.png;prommy_FS-026.png,Series 2,Shoes,Shopkins
Berry Sweet Lolly,SPC-005,berry_sweet_lolly_SPC-005.png,Series 4,Exclusive,Shopkins
Charlie Cheese,6-007,charlie_cheese_6-007.png,Series 6,Breakfast,Shopkins
Sparkly Spritz,4-139,sparkly_spritz_4-139.png,Series 4,Limited Edition,Shopkins
Rita Remote,4-115,rita_remote_4-115.png;rita_remote_4-118.png,Series 4,Petkins,Shopkins
Pineapple Sips,FTC-003,pineapple_sips_FTC-003.png,Series 3,Exclusive,Fashion Spree
Sweet Scent,FS-054,sweet_scent_FS-054.png;sweet_scent_FS-060.png;sweet_scent_FSD-007.png,Series 2,Exclusive,Fashion Spree
Floppy Hat,FCC-004,floppy_hat_FCC-004.png;floppy_hat_FS-009.png;floppy_hat_FS-027.png;floppy_hat_FS-030.png,Series 3,Exclusive,Fashion Spree
Fun Drum,5-034,fun_drum_5-034.png;fun_drum_5-042.png,Series 5,Music,Shopkins
Humpty Dumpling,3-086,humpty_dumpling_3-086.png;humpty_dumpling_3-095.png;humpty_dumpling_BB-001.png,Series 3,International Food,Shopkins
Goldie Syrup,6-072,goldie_syrup_6-072.png,Series 6,Bakery,Shopkins
Lil Red,FF-010,lil_red_FF-010.png,Series 3,Fast Food,Food Fair
Jen Jug,5-054,jen_jug_5-054.png;jen_jug_5-062.png,Series 5,Homewares,Shopkins
Nina Noodle,6-041,nina_noodle_6-041.png,Series 6,Family Food,Shopkins
Peta Planter,5-024,peta_planter_5-024.png;peta_planter_5-032.png,Series 5,Garden,Shopkins
Lola Lollipop,SHS-041,lola_lollipop_SHS-041.png;lola_lollipop_SHS-047.png;lola_lollipop_SS-001.png,Series 5,Exclusive,Shopkins
Sconnie,3-091,sconnie_3-091.png;sconnie_3-100.png;sconnie_BB-010.png;sconnie_SCH-003.png;sconnie_SCH-009.png,Series 3,International Food,Shopkins
Waffle Sue,2-057,waffle_sue_2-057.png;waffle_sue_2-065.png;waffle_sue_FF-041.png;waffle_sue_FF-047.png,Series 2,Sweet Treats,Shopkins
Margarina,1-147,margarina_1-147.png,Series 1,Exclusive,Shopkins
Lil' Ukelele,FTC-000,lil'_ukelele_FTC-000.png,Series 4,Exclusive,Fashion Spree
Toastie Bread,3-005,toastie_bread_3-005.png;toastie_bread_3-014.png;toastie_bread_BB-008.png;toastie_bread_SCH-001.png;toastie_bread_SCH-007.png,Series 3,Bakery,Shopkins
Scrubs,1-101,scrubs_1-101.png;scrubs_1-111.png,Series 1,Health & Beauty,Shopkins
Kane Sugar,6-009,kane_sugar_6-009.png,Series 6,Breakfast,Shopkins
Buttercup,1-138,buttercup_1-138.png,Series 1,Limited Edition,Shopkins
Flicker Candle,4-132,flicker_candle_4-132.png;flicker_candle_4-135.png,Series 4,Petkins,Shopkins
Lana Banana Bread,3-004,lana_banana_bread_3-004.png;lana_banana_bread_3-013.png;lana_banana_bread_BB-002.png,Series 3,Bakery,Shopkins
Jules,4-034,jules_4-034.png;jules_4-039.png;jules_SE_017.png;jules_SE_018.png,Series 4,Accessories,Shopkins
Fish Flake Jake,4-127,fish_flake_jake_4-127.png;fish_flake_jake_4-130.png;fish_flake_jake_SE_027.png;fish_flake_jake_SE_028.png;fish_flake_jake_SMS-001.png;fish_flake_jake_SMS-007.png,Series 4,Petkins,Shopkins
Betsy Buttercup,4-025,betsy_buttercup_4-025.png;betsy_buttercup_4-030.png,Series 4,Sweet Treats,Shopkins
Wilbur Whipped Cream,6-047,wilbur_whipped_cream_6-047.png,Series 6,Sweets,Shopkins
Suzie Sundae,3-057,suzie_sundae_3-057.png;suzie_sundae_3-066.png;suzie_sundae_BB-019.png,Series 3,Sweet Treats,Shopkins
Brenda Brooch,3-141,brenda_brooch_3-141.png,Series 3,Limited Edition,Shopkins
Cara Carrot Cake,6-056,cara_carrot_cake_6-056.png,Series 6,Bakery,Shopkins
Slick Breadstick,2-035,slick_breadstick_2-035.png;slick_breadstick_2-044.png,Series 2,Bakery,Shopkins
"Mandy Candy, ",1-053,"mandy_candy,__1-053.png;mandy_candy,__1-062.png",Series 1,Sweet Treats,Shopkins
Cindy Bun,4-013,cindy_bun_4-013.png;cindy_bun_4-018.png,Series 4,Bakery,Shopkins
Goldie Fish Bowl,4-079,goldie_fish_bowl_4-079.png;goldie_fish_bowl_4-087.png,Series 4,Petshop,Shopkins
Bubbles,1-047,bubbles_1-047.png;bubbles_1-056.png;bubbles_FF-054.png;bubbles_FF-060.png;bubbles_SHS-005.png;bubbles_SHS-011.png;bubbles_SHS-017.png,Series 1,Sweet Treats,Shopkins
Yummy Gummi Ring,SHS-019,yummy_gummi_ring_SHS-019.png;yummy_gummi_ring_SHS-025.png;yummy_gummi_ring_SHS-031.png;yummy_gummi_ring_SPC-002.png,Series 5,Exclusive,Shopkins
Cornell Mustard,2-076,cornell_mustard_2-076.png;cornell_mustard_2-085.png,Series 2,Pantry,Shopkins
Wedgy Wendy,2-110,wedgy_wendy_2-110.png;wedgy_wendy_2-118.png,Series 2,Shoes,Shopkins
Dressica,FS-042,dressica_FS-042.png;dressica_FS-048.png;dressica_FSD-001.png,Series 2,Exclusive,Fashion Spree
Iris Icing Sugar,6-037,iris_icing_sugar_6-037.png,Series 6,Bakery,Shopkins
Clicky Mouse,5-135,clicky_mouse_5-135.png;clicky_mouse_5-143.png,Series 5,Tech,Shopkins
Whistle Wilma,4-133,whistle_wilma_4-133.png;whistle_wilma_4-136.png,Series 4,Petkins,Shopkins
Toni Topper,3-023,toni_topper_3-023.png;toni_topper_3-031.png;toni_topper_BB-023.png,Series 3,Hats,Shopkins
Whitney Whisk,7-084,whitney_whisk_7-084.png,Series 6,Limited Edition,Shopkins
Bree Freshner,2-090,bree_freshner_2-090.png;bree_freshner_2-099.png;bree_freshner_SXL-003.png;bree_freshner_SXL-009.png,Series 2,Cleaning & Laundry,Shopkins
Tiny Tiara Topper,7-079,tiny_tiara_topper_7-079.png,Series 6,Limited Edition,Shopkins
Karen Carrot,6-015,karen_carrot_6-015.png,Series 6,Bakery,Shopkins
Marshmallow Twirl,SHS-001,marshmallow_twirl_SHS-001.png;marshmallow_twirl_SHS-007.png;marshmallow_twirl_SHS-013.png;marshmallow_twirl_SPC-001.png,Series 5,Exclusive,Shopkins
Cherry Cake,SH_005,cherry_cake_SH_005.png,Series 4,Exclusive,Shopkins
Blushy Brush,FS-004,blushy_brush_FS-004.png,Series 3,Exclusive,Fashion Spree
Mandy Mousse,5-084,mandy_mousse_5-084.png;mandy_mousse_5-092.png,Series 5,Sweet Treats,Shopkins
Khia Board,5-038,khia_board_5-038.png;khia_board_5-046.png,Series 5,Music,Shopkins
Macca Roon,3-053,macca_roon_3-053.png;macca_roon_3-062.png;macca_roon_BB-027.png;macca_roon_FF_010.png;macca_roon_FF-028.png;macca_roon_SCH-026.png;macca_roon_SCH-032.png,Series 3,Sweet Treats,Shopkins
Drips,4-119,drips_4-119.png;drips_4-122.png,Series 4,Petkins,Shopkins
Claire Chair,5-049,claire_chair_5-049.png;claire_chair_5-057.png,Series 5,Homewares,Shopkins
Heely,FS-001,heely_FS-001.png,Series 3,Exclusive,Fashion Spree
Lippo,FSB-004,lippo_FSB-004.png,Series 3,Exclusive,Fashion Spree
Bonnie Beret,3-025,bonnie_beret_3-025.png;bonnie_beret_3-033.png;bonnie_beret_FA-057.png;bonnie_beret_FS-051.png;bonnie_beret_SSP-004.png,Series 3,Hats,Shopkins
Heels,2-107,heels_2-107.png;heels_2-115.png,Series 2,Shoes,Shopkins
Block Ice Cube,6-033,block_ice_cube_6-033.png,Series 6,Breakfast,Shopkins
Apple Blossom,1-001,apple_blossom_1-001.png;apple_blossom_1-008.png;apple_blossom_5-108.png;apple_blossom_5-120.png;apple_blossom_5-132.png;apple_blossom_SMF-000.png,Series 1,Fruit and Veg,Shopkins
Runny Honey,6-008,runny_honey_6-008.png,Series 6,Breakfast,Shopkins
Cupcake Petal,SHP-012,cupcake_petal_SHP-012.png,Series 6,Exclusive,Shopkins
Peta Plant,4-051,peta_plant_4-051.png;peta_plant_4-057.png;peta_plant_SE_019.png;peta_plant_SE_020.png,Series 4,Garden,Shopkins
Tammy TV,4-043,tammy_tv_4-043.png;tammy_tv_4-048.png,Series 4,Homewares,Shopkins
Cherie Tomatoe,3-076,cherie_tomatoe_3-076.png;cherie_tomatoe_3-084.png;cherie_tomatoe_BB-034.png,Series 3,Fruit and Veg,Shopkins
Nice-Cream Sandwich,SHP-014,nice-cream_sandwich_SHP-014.png,Series 6,Exclusive,Shopkins
Walter Watering Can,5-018,walter_watering_can_5-018.png;walter_watering_can_5-026.png,Series 5,Garden,Shopkins
Soda Pops,1-090,soda_pops_1-090.png;soda_pops_1-100.png;soda_pops_FF-018.png;soda_pops_FF-036.png,Series 1,Party Food,Shopkins
Snuggles Snow Boot,FFC-002`,snuggles_snow_boot_FFC-002`.png,Series 4,Exclusive,Fashion Spree
Pretty Puff,4-138,pretty_puff_4-138.png,Series 4,Limited Edition,Shopkins
Brenda Blenda,2-018,brenda_blenda_2-018.png;brenda_blenda_2-027.png,Series 2,Homewares,Shopkins
Choc-Kate Sundae,6-066,choc-kate_sundae_6-066.png,Series 6,Sweets,Shopkins
Flushes,4-045,flushes_4-045.png;flushes_4-050.png;flushes_SE_021.png;flushes_SE_022.png,Series 4,Homewares,Shopkins
Sonia Sun Hat,FTC-002,sonia_sun_hat_FTC-002.png,Series 4,Exclusive,Fashion Spree
Carrie Carrot Cake,2-037,carrie_carrot_cake_2-037.png;carrie_carrot_cake_2-046.png,Series 2,Bakery,Shopkins
Vicky Vac,3-104,vicky_vac_3-104.png;vicky_vac_3-113.png;vicky_vac_BB-016.png,Series 3,Homewares,Shopkins
Teenie TV,3-107,teenie_tv_3-107.png;teenie_tv_3-116.png;teenie_tv_BB-032.png,Series 3,Homewares,Shopkins
Frosty Shaved Ice,FTC-004,frosty_shaved_ice_FTC-004.png,Series 4,Exclusive,Fashion Spree
Connie Console,5-140,connie_console_5-140.png;connie_console_5-148.png,Series 5,Tech,Shopkins
Sneaky Sue,2-106,sneaky_sue_2-106.png;sneaky_sue_2-114.png;sneaky_sue_FS-018.png;sneaky_sue_FS-036.png,Series 2,Shoes,Shopkins
Pineapple Crush,1-004,pineapple_crush_1-004.png;pineapple_crush_1-011.png,Series 1,Fruit and Veg,Shopkins
Wise Fry ,FF-004,wise_fry__FF-004.png,Series 3,Fast Food,Food Fair
Harvey Honeycomb,6-076,harvey_honeycomb_6-076.png,Series 6,Sweets,Shopkins
Polly Teapot,5-055,polly_teapot_5-055.png;polly_teapot_5-063.png,Series 5,Homewares,Shopkins
Spongy Cake,CCQ_1,spongy_cake_CCQ_1.png,Series 4,Exclusive,Food Fair
Little Sipper,SMF-004,little_sipper_SMF-004.png,Series 5,Exclusive,Shopkins
Onion Ring,FF-007,onion_ring_FF-007.png,Series 3,Fast Food,Food Fair
Trisha Tennis Dress,FGF-001,trisha_tennis_dress_FGF-001.png,Series 4,Exclusive,Fashion Spree
Plucky Guitar,5-033,plucky_guitar_5-033.png;plucky_guitar_5-041.png,Series 5,Music,Shopkins
Rolly Donut,SH-004,rolly_donut_SH-004.png,Series 4,Exclusive,Shopkins
Apple Pie,FF-006,apple_pie_FF-006.png,Series 3,Fast Food,Food Fair
Mary Meringue,2-038,mary_meringue_2-038.png;mary_meringue_2-047.png,Series 2,Bakery,Shopkins
Rockin' Broc ,1-002,rockin'_broc__1-002.png;rockin'_broc__1-009.png,Series 1,Fruit and Veg,Shopkins
Mini Muffin,1-037,mini_muffin_1-037.png;mini_muffin_1-044.png,Series 1,Bakery,Shopkins
Tammy Tambourine,5-036,tammy_tambourine_5-036.png;tammy_tambourine_5-044.png,Series 5,Music,Shopkins
Yolanda Yo-Yo,5-152,yolanda_yo-yo_5-152.png,Series 5,Limited Edition,Shopkins
Choc N' Chip,6-028,choc_n'_chip_6-028.png,Series 6,Sweets,Shopkins
Burt House,4-120,burt_house_4-120.png;burt_house_4-123.png,Series 4,Petkins,Shopkins
Moo Shake ,FF-014,moo_shake__FF-014.png,Series 3,Cool and Creamy,Food Fair
Bread Head,1-033,bread_head_1-033.png;bread_head_1-040.png,Series 1,Bakery,Shopkins
Choc Mint Charlie,SHP-013,choc_mint_charlie_SHP-013.png,Series 6,Exclusive,Shopkins
Cheese Louise,3-001,cheese_louise_3-001.png;cheese_louise_3-010.png;cheese_louise_FF-016.png;cheese_louise_FF-034.png,Series 3,Bakery,Shopkins
Donna Donut,2-141,donna_donut_2-141.png,Series 2,Limited Edition,Shopkins
Polly Parsley,6-032,polly_parsley_6-032.png,Series 6,Breakfast,Shopkins
PopRock,3-051,poprock_3-051.png;poprock_3-060.png;poprock_BB-013.png;poprock_SHS-003.png;poprock_SHS-009.png,Series 3,Sweet Treats,Shopkins
Ice Cream Queen,4-021,ice_cream_queen_4-021.png;ice_cream_queen_4-026.png;ice_cream_queen_SE_013.png;ice_cream_queen_SE_014.png,Series 4,Sweet Treats,Shopkins
Yo-Chi,5-105,yo-chi_5-105.png;yo-chi_5-117.png;yo-chi_5-129.png;yo-chi_SIT-004.png,Series 5,Charms,Shopkins
Wobbles,1-083,wobbles_1-083.png;wobbles_1-093.png;wobbles_FF-049.png;wobbles_FF-055.png,Series 1,Party Food,Shopkins
Wally Water,FF-001,wally_water_FF-001.png;wally_water_SIT-000.png,Series 3,Exclusive,Food Fair
Bagel Billy,4-014,bagel_billy_4-014.png;bagel_billy_4-019.png,Series 4,Bakery,Shopkins
Coffee Drip,2-019,coffee_drip_2-019.png;coffee_drip_2-028.png,Series 2,Homewares,Shopkins
Meltin Muffin,FF-019,meltin_muffin_FF-019.png;meltin_muffin_VAL-001.png,Series 3,Cupcake,Food Fair
Pretty Cake Stand,FF-026,pretty_cake_stand_FF-026.png,Series 3,Cupcake,Food Fair
Netti Spaghetti,3-088,netti_spaghetti_3-088.png;netti_spaghetti_3-097.png;netti_spaghetti_BB-026.png;netti_spaghetti_SCH-025.png;netti_spaghetti_SCH-31.png,Series 3,International Food,Shopkins
Polly Perfume,FS-008,polly_perfume_FS-008.png,Series 3,Exclusive,Fashion Spree
Cute Fruit Jello,5-082,cute_fruit_jello_5-082.png;cute_fruit_jello_5-090.png,Series 5,Sweet Treats,Shopkins
Chilli Peppa,6-044,chilli_peppa_6-044.png,Series 6,Family Food,Shopkins
Marsha Mellow,2-137,marsha_mellow_2-137.png,Series 2,Limited Edition,Shopkins
Olive Overnight Bag,FSF-005,olive_overnight_bag_FSF-005.png,Series 4,Exclusive,Fashion Spree
Creamy Bun-Bun,1-034,creamy_bun-bun_1-034.png;creamy_bun-bun_1-041.png;creamy_bun-bun_SV-004.png,Series 1,Bakery,Shopkins
Yummy Sundae,FF-008,yummy_sundae_FF-008.png,Series 3,Fast Food,Food Fair
Kooky Cookie,1-039,kooky_cookie_1-039.png;kooky_cookie_1-046.png;kooky_cookie_5-098.png;kooky_cookie_5-110.png;kooky_cookie_5-122.png;kooky_cookie_FF_005.png;kooky_cookie_FF_023.png,Series 1,Bakery,Shopkins
Icy-Bowl,SH-002,icy-bowl_SH-002.png,Series 4,Exclusive,Shopkins
Dippy Avocado,2-007,dippy_avocado_2-007.png;dippy_avocado_2-015.png,Series 2,Fruit and Veg,Shopkins
Jiggly Jelly,4-022,jiggly_jelly_4-022.png;jiggly_jelly_4-027.png;jiggly_jelly_GCC-001.png,Series 4,Sweet Treats,Shopkins
Polly Polish,1-108,polly_polish_1-108.png;polly_polish_1-118.png;polly_polish_5-107.png;polly_polish_5-119.png;polly_polish_5-131.png;polly_polish_FA-037.png;polly_polish_FS-043.png,Series 1,Health & Beauty,Shopkins
Shades ,FS-029,shades__FS-029.png,Series 3,Fashion,Fashion Spree
Peter,FCC-002,peter_FCC-002.png;peter_FS-025.png;peter_SBB-P.png,Series 3,Exclusive,Fashion Spree
Suacy Pan,2-020,suacy_pan_2-020.png;suacy_pan_2-029.png,Series 2,Homewares,Shopkins
Fifi Flour,2-069,fifi_flour_2-069.png;fifi_flour_2-078.png,Series 2,Pantry,Shopkins
Mintee,4-056,mintee_4-056.png;mintee_4-062.png;mintee_GCC-003.png,Series 4,Garden,Shopkins
Millie Shake,1-069,millie_shake_1-069.png;millie_shake_1-077.png;millie_shake_FF_007.png;millie_shake_FF-025.png,Series 1,Dairy,Shopkins
Danni Danish,2-042,danni_danish_2-042.png;danni_danish_2-051.png,Series 2,Bakery,Shopkins
Taco Terrie,3-092,taco_terrie_3-092.png;taco_terrie_3-101.png;taco_terrie_BB-025.png;taco_terrie_SCH-024.png;taco_terrie_SCH-030.png,Series 3,International Food,Shopkins
Rub-a-Glove,2-138,rub-a-glove_2-138.png,Series 2,Limited Edition,Shopkins
Banana Splitty,2-055,banana_splitty_2-055.png;banana_splitty_2-063.png;banana_splitty_FF-008.png;banana_splitty_FF-026.png;banana_splitty_SXL-000.png;banana_splitty_SXL-006.png,Series 2,Sweet Treats,Shopkins
Coolio,1-023,coolio_1-023.png;coolio_1-032.png,Series 1,Pantry,Shopkins
Tutu Cute,FS-052,tutu_cute_FS-052.png;tutu_cute_FS-058.png,Series 2,Exclusive,Fashion Spree
Small-Fry Pan,6-067,small-fry_pan_6-067.png,Series 6,Breakfast,Shopkins
Kylie Cone,FF-002,kylie_cone_FF-002.png;kylie_cone_SIT-001.png,Series 3,Exclusive,Food Fair
Good Night Gown,FSF-002,good_night_gown_FSF-002.png,Series 4,Exclusive,Fashion Spree
Cuppa Cocoa,5-086,cuppa_cocoa_5-086.png;cuppa_cocoa_5-094.png,Series 5,Sweet Treats,Shopkins
Wanda Wafer,3-055,wanda_wafer_3-055.png;wanda_wafer_3-064.png;wanda_wafer_7-078.png;wanda_wafer_FF-040.png;wanda_wafer_FF-046.png;wanda_wafer_SHS-002.png;wanda_wafer_SHS-008.png;wanda_wafer_SHS-014.png;wanda_wafer_SSP-000.png,Series 3,Sweet Treats,Shopkins
Sarah Softner,2-093,sarah_softner_2-093.png;sarah_softner_2-102.png,Series 2,Cleaning & Laundry,Shopkins
Sharon Shoe,4-031,sharon_shoe_4-031.png;sharon_shoe_4-036.png;sharon_shoe_GCC-002.png,Series 4,Accessories,Shopkins
Lippy Lips,1-102,lippy_lips_1-102.png;lippy_lips_1-112.png;lippy_lips_5-097.png;lippy_lips_5-109.png;lippy_lips_5-121.png;lippy_lips_FS-004.png;lippy_lips_FS-022.png,Series 1,Health & Beauty,Shopkins
Pretty Bow Kay,4-140,pretty_bow_kay_4-140.png,Series 4,Limited Edition,Shopkins
Candy Apple,3-058,candy_apple_3-058.png;candy_apple_3-067.png;candy_apple_FF-017.png;candy_apple_FF-035.png;candy_apple_SHS-004.png;candy_apple_SHS-010.png;candy_apple_SHS-016.png;candy_apple_SSP-001.png,Series 3,Sweet Treats,Shopkins
Peggy-Sushi,SHP-002,peggy-sushi_SHP-002.png,Series 6,Exclusive,Shopkins
Beverly Hills,FS-LE,beverly_hills_FS-LE.png,Series 2,Exclusive,Fashion Spree
Candy Kisses,1-048,candy_kisses_1-048.png;candy_kisses_1-057.png;candy_kisses_VAL-005.png,Series 1,Sweet Treats,Shopkins
Wooly Hat,4-033,wooly_hat_4-033.png;wooly_hat_4-038.png;wooly_hat_SE_011.png;wooly_hat_SE_012.png;wooly_hat_SMS-002.png;wooly_hat_SMS-008.png,Series 4,Accessories,Shopkins
Berry Sweet Pancakes,6-050,berry_sweet_pancakes_6-050.png,Series 6,Breakfast,Shopkins
Loni Loafer,FSM-004,loni_loafer_FSM-004.png,Series 4,Exclusive,Fashion Spree
Quilty Boot,FS-005,quilty_boot_FS-005.png,Series 3,Exclusive,Fashion Spree
Suds,1-109,suds_1-109.png;suds_1-119.png,Series 1,Health & Beauty,Shopkins
Beverley Hills,BB-006,beverley_hills_BB-006.png,Series 3,Exclusive,Shopkins
Sasha Belt,4-035,sasha_belt_4-035.png;sasha_belt_4-040.png;sasha_belt_SE_003.png;sasha_belt_SE_004.png;sasha_belt_SMS-000.png;sasha_belt_SMS-006.png,Series 4,Accessories,Shopkins
Olivia Olive,6-074,olivia_olive_6-074.png,Series 6,Family Food,Shopkins
Curly,1-103,curly_1-103.png;curly_1-113.png,Series 1,Health & Beauty,Shopkins
Freezy Bites,6-064,freezy_bites_6-064.png,Series 6,Sweets,Shopkins
Crispy Chip,1-081,crispy_chip_1-081.png;crispy_chip_1-091.png,Series 1,Party Food,Shopkins
Pecanna Pie,2-039,pecanna_pie_2-039.png;pecanna_pie_2-048.png,Series 2,Bakery,Shopkins
Mixie & Maxie,3-111,mixie_&_maxie_3-111.png;mixie_&_maxie_3-120.png;mixie_&_maxie_SCH-015.png;mixie_&_maxie_SCH-021.png,Series 3,Homewares,Shopkins
Mabel Syrup,4-102,mabel_syrup_4-102.png;mabel_syrup_4-105.png;mabel_syrup_SMS-003.png;mabel_syrup_SMS-009.png,Series 4,Petkins,Shopkins
Ticky Tock,3-140,ticky_tock_3-140.png,Series 3,Limited Edition,Shopkins
Cherry Nice Cupcake,SHP-011,cherry_nice_cupcake_SHP-011.png,Series 6,Exclusive,Shopkins
Little Teapot,FF-025,little_teapot_FF-025.png,Series 3,Cupcake,Food Fair
Duffa,FS-016,duffa_FS-016.png;duffa_FS-034.png;duffa_FSB-007.png,Series 2,Exclusive,Fashion Spree
Coco Cupcake,SH_006,coco_cupcake_SH_006.png,Series 4,Exclusive,Shopkins
Penny Purse,FS-006,penny_purse_FS-006.png,Series 3,Exclusive,Fashion Spree
Bubble Cupcake,SHP-009,bubble_cupcake_SHP-009.png,Series 6,Exclusive,Shopkins
Cheese Kate  ,1-036,cheese_kate___1-036.png;cheese_kate___1-043.png,Series 1,Bakery,Shopkins
Penelope Pleats,FCC-001,penelope_pleats_FCC-001.png;penelope_pleats_FS-006.png;penelope_pleats_FS-024.png;penelope_pleats_FS-027.png,Series 3,Exclusive,Fashion Spree
Jellie Bean,SS-002,jellie_bean_SS-002.png,Series 4,Exclusive,Food Fair
Ghurty,1-068,ghurty_1-068.png;ghurty_1-076.png,Series 1,Dairy,Shopkins
Poppy Corn,2-053,poppy_corn_2-053.png;poppy_corn_2-061.png,Series 2,Sweet Treats,Shopkins
Suzie Sushi,3-085,suzie_sushi_3-085.png;suzie_sushi_3-094.png;suzie_sushi_BB-015.png,Series 3,International Food,Shopkins
Piano Man,FS-0011,piano_man_FS-0011.png;piano_man_FS-029.png;piano_man_FSB-006.png,Series 2,Exclusive,Fashion Spree
Tiny Tree,4-052,tiny_tree_4-052.png;tiny_tree_4-058.png,Series 4,Garden,Shopkins
Shades,FCC-006,shades_FCC-006.png;shades_FS-003.png;shades_FS-021.png,Series 3,Exclusive,Fashion Spree
Minnie Mintie,2-054,minnie_mintie_2-054.png;minnie_mintie_2-062.png;minnie_mintie_FF-014.png;minnie_mintie_FF-032.png;minnie_mintie_SHS-050.png;minnie_mintie_SHS-056.png,Series 2,Sweet Treats,Shopkins
Vicki Vanilla,6-036,vicki_vanilla_6-036.png,Series 6,Bakery,Shopkins
Little Choc Bottle,6-030,little_choc_bottle_6-030.png,Series 6,Sweets,Shopkins
Ice Cream Dream,1-121,ice_cream_dream_1-121.png;ice_cream_dream_1-129.png;ice_cream_dream_FF_002.png;ice_cream_dream_SIT-005.png,Series 1,Frozen Food,Shopkins
Popsicle,FF-011,popsicle_FF-011.png,Series 3,Cool and Creamy,Food Fair
Veronica Veggie Pizza,6-060,veronica_veggie_pizza_6-060.png,Series 6,Family Food,Shopkins
Suzy Soda,SMF-007,suzy_soda_SMF-007.png,Series 5,Exclusive,Shopkins
Satchel ,FS-032,satchel__FS-032.png,Series 3,Fashion,Fashion Spree
Milk Bud,4-095,milk_bud_4-095.png;milk_bud_4-098.png;milk_bud_SE_029.png;milk_bud_SE_030.png,Series 4,Petkins,Shopkins
Handbag Harriet,4-032,handbag_harriet_4-032.png;handbag_harriet_4-037.png;handbag_harriet_SE_001.png;handbag_harriet_SE_002.png,Series 4,Accessories,Shopkins
Jingle Purse,4-108,jingle_purse_4-108.png;jingle_purse_4-111.png,Series 4,Petkins,Shopkins
Tracey Makeup Case,FGF-007,tracey_makeup_case_FGF-007.png,Series 4,Exclusive,Fashion Spree
Ga Ga Gourmet,2-122,ga_ga_gourmet_2-122.png;ga_ga_gourmet_2-130.png,Series 2,Baby,Shopkins
Lippy ,FS-007,lippy__FS-007.png,Series 3,Exclusive,Fashion Spree
Button Mushroom,6-016,button_mushroom_6-016.png,Series 6,Family Food,Shopkins
Bottle Pop,SHS-018,bottle_pop_SHS-018.png;bottle_pop_SHS-024.png;bottle_pop_SHS-030.png;bottle_pop_SPC-000.png,Series 5,Exclusive,Shopkins
Lynn Lamp,5-056,lynn_lamp_5-056.png;lynn_lamp_5-064.png,Series 5,Homewares,Shopkins
Sugar E. Bowl,SHP-017,sugar_e._bowl_SHP-017.png,Series 6,Exclusive,Shopkins
Dennis Bat,5-001,dennis_bat_5-001.png;dennis_bat_5-009.png,Series 5,Sport,Shopkins
Baby Swipes,2-124,baby_swipes_2-124.png;baby_swipes_2-132.png,Series 2,Baby,Shopkins
Lolli Poppins,1-052,lolli_poppins_1-052.png;lolli_poppins_1-061.png;lolli_poppins_FF-038.png;lolli_poppins_FF-044.png;lolli_poppins_SHS-040.png;lolli_poppins_SHS-046.png,Series 1,Sweet Treats,Shopkins
Spilt Milk,1-067,spilt_milk_1-067.png;spilt_milk_1-075.png;spilt_milk_5-104.png;spilt_milk_5-116.png;spilt_milk_5-128.png,Series 1,Dairy,Shopkins
Earring twins,SMS-005,earring_twins_SMS-005.png,Series 4,Exclusive,Shopkins
Casper Cap,3-019,casper_cap_3-019.png;casper_cap_3-027.png;casper_cap_BB-035.png;casper_cap_FA-035.png;casper_cap_FS-017.png,Series 3,Hats,Shopkins
Bop Top,FCC-000,bop_top_FCC-000.png;bop_top_FS-028.png;bop_top_FS-053.png;bop_top_FS-059.png,Series 3,Exclusive,Fashion Spree
Tasty Toast,5-088,tasty_toast_5-088.png;tasty_toast_5-096.png,Series 5,Sweet Treats,Shopkins
Strawberries and Cream,2-143,strawberries_and_cream_2-143.png;strawberries_and_cream_SMF-006.png,Series 2,Exclusive,Shopkins
Linda Layered Cake,5-071,linda_layered_cake_5-071.png;linda_layered_cake_5-079.png,Series 5,Bakery,Shopkins
D'lish Donut,1-035,d'lish_donut_1-035.png;d'lish_donut_1-042.png;d'lish_donut_FF-LE.png,Series 1,Bakery,Shopkins
Birthday Betty,3-007,birthday_betty_3-007.png;birthday_betty_3-016.png;birthday_betty_BB-014.png;birthday_betty_FF-051.png;birthday_betty_FF-057.png,Series 3,Bakery,Shopkins
Sami Scrambles,6-049,sami_scrambles_6-049.png,Series 6,Breakfast,Shopkins
Yummy Gum,2-056,yummy_gum_2-056.png;yummy_gum_2-064.png,Series 2,Sweet Treats,Shopkins
Wendy Washer,2-089,wendy_washer_2-089.png;wendy_washer_2-098.png,Series 2,Cleaning & Laundry,Shopkins
Pa' Pizza ,1-125,pa'_pizza__1-125.png;pa'_pizza__1-133.png,Series 1,Frozen Food,Shopkins
Cheeky Chocolate,1-050,cheeky_chocolate_1-050.png;cheeky_chocolate_1-059.png;cheeky_chocolate_5-103.png;cheeky_chocolate_5-115.png;cheeky_chocolate_5-127.png;cheeky_chocolate_SHS-023.png;cheeky_chocolate_SHS-035.png;cheeky_chocolate_SV-000.png;cheeky_chocolate_VAL-006.png,Series 1,Sweet Treats,Shopkins
Candi Cotton,SHS-051,candi_cotton_SHS-051.png;candi_cotton_SHS-057.png,Series 5,Exclusive,Shopkins
Freda Frosting,6-073,freda_frosting_6-073.png,Series 6,Bakery,Shopkins
Radio Sue,3-108,radio_sue_3-108.png;radio_sue_3-117.png,Series 3,Homewares,Shopkins
Natalie Noodles,6-059,natalie_noodles_6-059.png,Series 6,Family Food,Shopkins
Pippa Popcorn,SHP-007,pippa_popcorn_SHP-007.png,Series 6,Exclusive,Shopkins
Julie Bean,SHS-053,julie_bean_SHS-053.png;julie_bean_SHS-059.png,Series 5,Exclusive,Shopkins
Asbury Raspberry,3-075,asbury_raspberry_3-075.png;asbury_raspberry_3-083.png;asbury_raspberry_SCH-012.png;asbury_raspberry_SCH-018.png;asbury_raspberry_SHS-037.png;asbury_raspberry_SHS-043.png,Series 3,Fruit and Veg,Shopkins
Curly Fries,1-149,curly_fries_1-149.png,Series 1,Exclusive,Shopkins
Sushanne,SHP-001,sushanne_SHP-001.png,Series 6,Exclusive,Shopkins
Barb B Que,5-021,barb_b_que_5-021.png;barb_b_que_5-029.png,Series 5,Garden,Shopkins
Rita Sneaker,FGF-002,rita_sneaker_FGF-002.png,Series 4,Exclusive,Fashion Spree
Pumpkinella,1-143,pumpkinella_1-143.png;pumpkinella_SHS-000.png;pumpkinella_SHS-006.png;pumpkinella_SHS-012.png,Series 1,Exclusive,Shopkins
Brittney Brownie,5-065,brittney_brownie_5-065.png;brittney_brownie_5-073.png,Series 5,Bakery,Shopkins
Ice Cream Kate,5-085,ice_cream_kate_5-085.png;ice_cream_kate_5-093.png,Series 5,Sweet Treats,Shopkins
Sausage Sizzle,3-093,sausage_sizzle_3-093.png;sausage_sizzle_3-102.png;sausage_sizzle_BB-021.png,Series 3,International Food,Shopkins
Poppy Top,SHP-008,poppy_top_SHP-008.png,Series 6,Exclusive,Shopkins
Queen of Tarts,3-002,queen_of_tarts_3-002.png;queen_of_tarts_3-011.png;queen_of_tarts_SSP-003.png,Series 3,Bakery,Shopkins
Chee Zee,1-065,chee_zee_1-065.png;chee_zee_1-073.png,Series 1,Dairy,Shopkins
Sammy Speaker,5-134,sammy_speaker_5-134.png;sammy_speaker_5-142.png,Series 5,Tech,Shopkins
P. Nut Butter,6-070,p._nut_butter_6-070.png,Series 6,Breakfast,Shopkins
Blocky,5-153,blocky_5-153.png,Series 5,Limited Edition,Shopkins
Baby Puff,2-126,baby_puff_2-126.png;baby_puff_2-134.png,Series 2,Baby,Shopkins
Stacks Cookie,6-055,stacks_cookie_6-055.png,Series 6,Bakery,Shopkins
Dippy Donut,SHP-015,dippy_donut_SHP-015.png,Series 6,Exclusive,Shopkins
Mel T Moment,5-068,mel_t_moment_5-068.png;mel_t_moment_5-076.png,Series 5,Bakery,Shopkins
Chatter,3-109,chatter_3-109.png;chatter_3-118.png;chatter_BB-022.png,Series 3,Homewares,Shopkins
Mike Rophone,5-037,mike_rophone_5-037.png;mike_rophone_5-045.png,Series 5,Music,Shopkins
Sally Scent,4-142,sally_scent_4-142.png,Series 4,Limited Edition,Shopkins
Betsy Butter,6-001,betsy_butter_6-001.png,Series 6,Bakery,Shopkins
Ice-cream Dream,2-058,ice-cream_dream_2-058.png;ice-cream_dream_2-066.png;ice-cream_dream_FF-020.png,Series 2,Sweet Treats,Shopkins
Chap-Elli,1-107,chap-elli_1-107.png;chap-elli_1-117.png,Series 1,Health & Beauty,Shopkins
Pamela Pancake,2-060,pamela_pancake_2-060.png;pamela_pancake_2-068.png;pamela_pancake_FF-012.png;pamela_pancake_FF-030.png,Series 2,Sweet Treats,Shopkins
Mandy Candy Corn,SPC-006,mandy_candy_corn_SPC-006.png,Series 4,Exclusive,Shopkins
Cupcake Chic,2-043,cupcake_chic_2-043.png;cupcake_chic_2-052.png;cupcake_chic_5-099.png;cupcake_chic_5-111.png;cupcake_chic_5-123.png,Series 2,Bakery,Shopkins
Berry Smoothie,4-024,berry_smoothie_4-024.png;berry_smoothie_4-029.png,Series 4,Sweet Treats,Shopkins
Nappy Dee,2-127,nappy_dee_2-127.png;nappy_dee_2-135.png,Series 2,Baby,Shopkins
Roma Tomato,6-021,roma_tomato_6-021.png,Series 6,Family Food,Shopkins
La'Lotion ,1-148,la'lotion__1-148.png,Series 1,Exclusive,Shopkins
Music Box,FS-002,music_box_FS-002.png;music_box_FS-020.png;music_box_FSB-005.png,Series 2,Exclusive,Fashion Spree
Wrapper T,SHS-039,wrapper_t_SHS-039.png;wrapper_t_SHS-045.png;wrapper_t_SPC-007.png,Series 5,Exclusive,Shopkins
Patty Pam,FF-021,patty_pam_FF-021.png,Series 3,Cupcake,Food Fair
Teena Catfood,4-078,teena_catfood_4-078.png;teena_catfood_4-086.png,Series 4,Petshop,Shopkins
Molly Mitten,FFC-004,molly_mitten_FFC-004.png,Series 4,Exclusive,Fashion Spree
Bread Crumbs,4-011,bread_crumbs_4-011.png;bread_crumbs_4-016.png,Series 4,Bakery,Shopkins
Wendy Wedding Cake,3-008,wendy_wedding_cake_3-008.png;wendy_wedding_cake_3-017.png;wendy_wedding_cake_BB-020.png,Series 3,Bakery,Shopkins
Hi,FSD-002,hi_FSD-002.png,Series 3,Exclusive,Fashion Spree
Penny Wishing Well,5-019,penny_wishing_well_5-019.png;penny_wishing_well_5-027.png,Series 5,Garden,Shopkins
Sunny-Screen,1-142,sunny-screen_1-142.png,Series 1,Limited Edition,Shopkins
Pup-E-House,4-076,pup-e-house_4-076.png;pup-e-house_4-084.png,Series 4,Petshop,Shopkins
Max Saxophone,5-040,max_saxophone_5-040.png;max_saxophone_5-048.png,Series 5,Music,Shopkins
April Apricot,4-005,april_apricot_4-005.png;april_apricot_4-010.png,Series 4,Fruit and Veg,Shopkins
Servietta ,FF-017,servietta__FF-017.png,Series 3,Cool and Creamy,Food Fair
Sweets Honey,6-063,sweets_honey_6-063.png,Series 6,Sweets,Shopkins
Sweet Pea,3-071,sweet_pea_3-071.png;sweet_pea_3-079.png;sweet_pea_BB-017.png,Series 3,Fruit and Veg,Shopkins
Barbie Breakfast Muffin,6-051,barbie_breakfast_muffin_6-051.png,Series 6,Breakfast,Shopkins
Dusty Cocoa,6-071,dusty_cocoa_6-071.png,Series 6,Bakery,Shopkins
Rita Ruler,3-127,rita_ruler_3-127.png;rita_ruler_3-135.png,Series 3,Stationery,Shopkins
Sally Shakes  ,1-018,sally_shakes___1-018.png;sally_shakes___1-027.png,Series 1,Pantry,Shopkins
Shelly Egg,6-002,shelly_egg_6-002.png,Series 6,Bakery,Shopkins
Mavis Maple Syrup,6-068,mavis_maple_syrup_6-068.png,Series 6,Breakfast,Shopkins
Aspara-Gus,3-073,aspara-gus_3-073.png;aspara-gus_3-081.png;aspara-gus_BB-033.png,Series 3,Fruit and Veg,Shopkins
Mandy Candy,SHS-049,mandy_candy_SHS-049.png;mandy_candy_SHS-055.png,Series 5,Exclusive,Shopkins
Edgar Eggcup,4-041,edgar_eggcup_4-041.png;edgar_eggcup_4-046.png;edgar_eggcup_SE_009.png;edgar_eggcup_SE_010.png;edgar_eggcup_SMS-004.png;edgar_eggcup_SMS-011.png,Series 4,Homewares,Shopkins
Toffy Coffee,2-075,toffy_coffee_2-075.png;toffy_coffee_2-084.png,Series 2,Pantry,Shopkins
Fishtix,1-127,fishtix_1-127.png;fishtix_1-135.png;fishtix_SIT-003.png,Series 1,Frozen Food,Shopkins
Shady,3-024,shady_3-024.png;shady_3-032.png;shady_SCH-016.png;shady_SCH-022.png,Series 3,Hats,Shopkins
Susie Sausage,6-069,susie_sausage_6-069.png,Series 6,Breakfast,Shopkins
Poppy Sock,FSM-000,poppy_sock_FSM-000.png;poppy_sock_FSM-001.png;poppy_sock_FSM-002.png;poppy_sock_FSM-003.png,Series 4,Exclusive,Fashion Spree
Jasmine Rice,6-025,jasmine_rice_6-025.png,Series 6,Family Food,Shopkins
Tiny Tissues,5-052,tiny_tissues_5-052.png;tiny_tissues_5-060.png,Series 5,Homewares,Shopkins
Dolly Donut,4-015,dolly_donut_4-015.png;dolly_donut_4-020.png;dolly_donut_5-066.png;dolly_donut_5-074.png,Series 4,Bakery,Shopkins
Hot Choc,4-097,hot_choc_4-097.png;hot_choc_4-100.png,Series 4,Petkins,Shopkins
Timmy Tomato Paste,6-020,timmy_tomato_paste_6-020.png,Series 6,Family Food,Shopkins
Jilly Jam Roll ,5-069,jilly_jam_roll__5-069.png;jilly_jam_roll__5-077.png,Series 5,Bakery,Shopkins
Rayne-bow,SHP-005,rayne-bow_SHP-005.png,Series 6,Exclusive,Shopkins
Pup E Brush,4-080,pup_e_brush_4-080.png;pup_e_brush_4-088.png,Series 4,Petshop,Shopkins
Ice Cream Cup,4-103,ice_cream_cup_4-103.png;ice_cream_cup_4-106.png,Series 4,Petkins,Shopkins
Pheobe Fork,4-055,pheobe_fork_4-055.png;pheobe_fork_4-061.png,Series 4,Garden,Shopkins
Tiny 2,FSB-002,tiny_2_FSB-002.png,Series 3,Exclusive,Fashion Spree
Flippy,FTC-006,flippy_FTC-006.png,Series 4,Exclusive,Fashion Spree
June Balloon,4-066,june_balloon_4-066.png;june_balloon_4-071.png,Series 4,Party Time,Shopkins
Kitty Catbed,4-077,kitty_catbed_4-077.png;kitty_catbed_4-085.png,Series 4,Petshop,Shopkins
Parmesan Pete,6-043,parmesan_pete_6-043.png,Series 6,Family Food,Shopkins
Fifi Fruit Tart,2-041,fifi_fruit_tart_2-041.png;fifi_fruit_tart_2-050.png;fifi_fruit_tart_FF-004.png;fifi_fruit_tart_FF_022.png,Series 2,Bakery,Shopkins
Molly Moccasin,3-038,molly_moccasin_3-038.png;molly_moccasin_3-046.png,Series 3,Shoes,Shopkins
Scoopy One,FF-012,scoopy_one_FF-012.png,Series 3,Cool and Creamy,Food Fair
Cake Pop,FF-023,cake_pop_FF-023.png,Series 3,Cupcake,Food Fair
Tiara,FS-038,tiara_FS-038.png;tiara_FS-044.png;tiara_FSB-003.png,Series 2,Exclusive,Fashion Spree
Big Topping,4-101,big_topping_4-101.png;big_topping_4-104.png;big_topping_SE_033.png;big_topping_SE_034.png,Series 4,Petkins,Shopkins
Ring-a-ling,FSD-004,ring-a-ling_FSD-004.png,Series 3,Exclusive,Fashion Spree
Jelly B,1-054,jelly_b_1-054.png;jelly_b_1-063.png;jelly_b_FF-013.png;jelly_b_FF-031.png;jelly_b_SHS-022.png;jelly_b_SHS-028.png;jelly_b_SHS-034.png,Series 1,Sweet Treats,Shopkins
Raylene Rainbow,SHP-006,raylene_rainbow_SHP-006.png,Series 6,Exclusive,Shopkins
Peta Plunger,2-094,peta_plunger_2-094.png;peta_plunger_2-103.png,Series 2,Cleaning & Laundry,Shopkins
Gemma Bottle,4-141,gemma_bottle_4-141.png,Series 4,Limited Edition,Shopkins
Swiss Miss,1-066,swiss_miss_1-066.png;swiss_miss_1-074.png,Series 1,Dairy,Shopkins
C. Salt,6-023,c._salt_6-023.png,Series 6,Family Food,Shopkins
Cupcake Princess,6-058,cupcake_princess_6-058.png,Series 6,Bakery,Shopkins
Pretz-elle,SV-005,pretz-elle_SV-005.png;pretz-elle_SV-006.png,Series 5,Exclusive,Shopkins
Shoes-Anne,3-036,shoes-anne_3-036.png;shoes-anne_3-044.png,Series 3,Shoes,Shopkins
Bart Beans,2-070,bart_beans_2-070.png;bart_beans_2-079.png,Series 2,Pantry,Shopkins
Hattie Hat,3-020,hattie_hat_3-020.png;hattie_hat_3-028.png;hattie_hat_BB-005.png;hattie_hat_FS-015.png;hattie_hat_FS-033.png,Series 3,Hats,Shopkins
Jessie Dressing Gown,FSF-000,jessie_dressing_gown_FSF-000.png,Series 4,Exclusive,Fashion Spree
Wilma Wedge,3-042,wilma_wedge_3-042.png;wilma_wedge_3-050.png;wilma_wedge_FS-007.png;wilma_wedge_FS-025.png;wilma_wedge_SCH-017.png;wilma_wedge_SCH-023.png,Series 3,Shoes,Shopkins
Fortune Stella,5-150,fortune_stella_5-150.png,Series 5,Limited Edition,Shopkins
Blow-Anne,3-106,blow-anne_3-106.png;blow-anne_3-115.png,Series 3,Homewares,Shopkins
Dum Mee Mee,2-123,dum_mee_mee_2-123.png;dum_mee_mee_2-131.png;dum_mee_mee_5-106.png;dum_mee_mee_5-118.png;dum_mee_mee_5-130.png,Series 2,Baby,Shopkins
Chris P Crackers,2-077,chris_p_crackers_2-077.png;chris_p_crackers_2-086.png,Series 2,Pantry,Shopkins
Shirley Shirt,FSM-005,shirley_shirt_FSM-005.png,Series 4,Exclusive,Fashion Spree
Sizzles,2-025,sizzles_2-025.png;sizzles_2-034.png,Series 2,Homewares,Shopkins
Cam Corder,5-137,cam_corder_5-137.png;cam_corder_5-145.png,Series 5,Tech,Shopkins
Adam Apple,6-038,adam_apple_6-038.png,Series 6,Bakery,Shopkins
Veronica Vase,5-053,veronica_vase_5-053.png;veronica_vase_5-061.png,Series 5,Homewares,Shopkins
Lammy Lamington,3-087,lammy_lamington_3-087.png;lammy_lamington_3-096.png;lammy_lamington_FF_006.png;lammy_lamington_FF_024.png,Series 3,International Food,Shopkins
Bowl-inda,SH_007,bowl-inda_SH_007.png,Series 4,Exclusive,Shopkins
Becky Backpack,FFC-006,becky_backpack_FFC-006.png,Series 4,Exclusive,Fashion Spree
Frank Furter ,1-086,frank_furter__1-086.png;frank_furter__1-096.png,Series 1,Party Food,Shopkins
Silly Chili,SXL-004,silly_chili_SXL-004.png;silly_chili_SXL-010.png,Series 5,Exclusive,Shopkins
Patty Case,7-085,patty_case_7-085.png,Series 6,Limited Edition,Shopkins
Miss Mushy-Moo,1-006,miss_mushy-moo_1-006.png;miss_mushy-moo_1-013.png;miss_mushy-moo_SMF-001.png,Series 1,Fruit and Veg,Shopkins
Cheery Churro,FF-003,cheery_churro_FF-003.png;cheery_churro_FF-021.png,Series 2,Exclusive,Food Fair
Marty Party Hat,4-065,marty_party_hat_4-065.png;marty_party_hat_4-070.png;marty_party_hat_SE_031.png;marty_party_hat_SE_032.png,Series 4,Party Time,Shopkins
Mary Muffin,2-036,mary_muffin_2-036.png;mary_muffin_2-045.png,Series 2,Bakery,Shopkins
Carla Cone,SH-001,carla_cone_SH-001.png,Series 4,Exclusive,Shopkins
Gumball Gabby,SH_009,gumball_gabby_SH_009.png,Series 4,Exclusive,Shopkins
Howard Powerboard,5-139,howard_powerboard_5-139.png;howard_powerboard_5-147.png,Series 5,Tech,Shopkins
Googy,1-072,googy_1-072.png;googy_1-080.png,Series 1,Dairy,Shopkins
Taylor Rayne,3-026,taylor_rayne_3-026.png;taylor_rayne_3-034.png;taylor_rayne_BB-029.png;taylor_rayne_FS-013.png;taylor_rayne_FS-031.png;taylor_rayne_SCH-028.png;taylor_rayne_SCH-034.png,Series 3,Hats,Shopkins
Jade Spade,4-121,jade_spade_4-121.png;jade_spade_4-124.png,Series 4,Petkins,Shopkins
Buncho Bananas,6-013,buncho_bananas_6-013.png,Series 6,Breakfast,Shopkins
Toofs,1-110,toofs_1-110.png;toofs_1-120.png,Series 1,Health & Beauty,Shopkins
Erica Eraser,3-125,erica_eraser_3-125.png;erica_eraser_3-133.png;erica_eraser_BB-039.png,Series 3,Stationery,Shopkins
Greta Sweater,FFC-000,greta_sweater_FFC-000.png,Series 4,Exclusive,Fashion Spree
Floppy,FTC-007,floppy_FTC-007.png,Series 4,Exclusive,Fashion Spree
Cheddar ,FF-003,cheddar__FF-003.png,Series 3,Fast Food,Food Fair
Cookie Nut,4-012,cookie_nut_4-012.png;cookie_nut_4-017.png,Series 4,Bakery,Shopkins
Tootsie Cutie,SHS-021,tootsie_cutie_SHS-021.png;tootsie_cutie_SHS-027.png;tootsie_cutie_SHS-033.png;tootsie_cutie_SPC-003.png,Series 5,Exclusive,Shopkins
Dry-anne,GCC-006,dry-anne_GCC-006.png,Series 4,Exclusive,Shopkins
Wishes,1-085,wishes_1-085.png;wishes_1-095.png;wishes_FF-001.png;wishes_FF-019.png,Series 1,Party Food,Shopkins
Fleur Flour,6-004,fleur_flour_6-004.png,Series 6,Bakery,Shopkins
Bun Bun Slipper,2-111,bun_bun_slipper_2-111.png;bun_bun_slipper_2-119.png;bun_bun_slipper_FS-049.png;bun_bun_slipper_FS-055.png;bun_bun_slipper_SXL-001.png;bun_bun_slipper_SXL-007.png,Series 2,Shoes,Shopkins
Frost T Fridge,3-105,frost_t_fridge_3-105.png;frost_t_fridge_3-114.png;frost_t_fridge_BB-028.png;frost_t_fridge_SCH-027.png,Series 3,Homewares,Shopkins
Garlic Rose,2-005,garlic_rose_2-005.png;garlic_rose_2-013.png,Series 2,Fruit and Veg,Shopkins
Satchel,FCC-005,satchel_FCC-005.png;satchel_FS-040.png;satchel_FS-046.png,Series 3,Exclusive,Fashion Spree
Peta Sneaker,FGF-003,peta_sneaker_FGF-003.png,Series 4,Exclusive,Fashion Spree
Dennis Ball,4-075,dennis_ball_4-075.png;dennis_ball_4-083.png,Series 4,Petshop,Shopkins
Strawberry Kiss,1-003,strawberry_kiss_1-003.png;strawberry_kiss_1-010.png;strawberry_kiss_5-102.png;strawberry_kiss_5-114.png;strawberry_kiss_5-126.png,Series 1,Fruit and Veg,Shopkins
Jilly Jam,4-089,jilly_jam_4-089.png;jilly_jam_4-092.png,Series 4,Petkins,Shopkins
Toasty Slipper,FSF-006,toasty_slipper_FSF-006.png,Series 4,Exclusive,Fashion Spree
Juicy Orange,2-003,juicy_orange_2-003.png;juicy_orange_2-011.png,Series 2,Fruit and Veg,Shopkins
Mobile Mary,3-110,mobile_mary_3-110.png;mobile_mary_3-119.png,Series 3,Homewares,Shopkins
Shaky,FF-009,shaky_FF-009.png,Series 3,Fast Food,Food Fair
Kris P Lettuce,4-001,kris_p_lettuce_4-001.png;kris_p_lettuce_4-006.png;kris_p_lettuce_GCC-000.png,Series 4,Fruit and Veg,Shopkins
Chocky Box,3-054,chocky_box_3-054.png;chocky_box_3-063.png;chocky_box_SHS-052.png;chocky_box_SHS-058.png;chocky_box_VAL-002.png,Series 3,Sweet Treats,Shopkins
Roxy Ring,3-142,roxy_ring_3-142.png,Series 3,Limited Edition,Shopkins
Spinderella,5-154,spinderella_5-154.png,Series 5,Limited Edition,Shopkins
Pancake Jake,4-023,pancake_jake_4-023.png;pancake_jake_4-028.png,Series 4,Sweet Treats,Shopkins
Berry Tubs,6-045,berry_tubs_6-045.png,Series 6,Sweets,Shopkins
Silky,1-105,silky_1-105.png;silky_1-115.png,Series 1,Health & Beauty,Shopkins
Rainbow Bite,1-084,rainbow_bite_1-084.png;rainbow_bite_1-094.png;rainbow_bite_FF-037.png;rainbow_bite_FF-043.png,Series 1,Party Food,Shopkins
Lana Lamp,2-024,lana_lamp_2-024.png;lana_lamp_2-033.png,Series 2,Homewares,Shopkins
Dishy Liquid,2-087,dishy_liquid_2-087.png;dishy_liquid_2-096.png,Series 2,Cleaning & Laundry,Shopkins
Briana Banana Smoothie,6-053,briana_banana_smoothie_6-053.png,Series 6,Breakfast,Shopkins
Tegan Tea,6-052,tegan_tea_6-052.png,Series 6,Breakfast,Shopkins
Pee Wee Kiwi,3-072,pee_wee_kiwi_3-072.png;pee_wee_kiwi_3-080.png;pee_wee_kiwi_BB-018.png,Series 3,Fruit and Veg,Shopkins
Prickles,4-054,prickles_4-054.png;prickles_4-060.png,Series 4,Garden,Shopkins
Little Pet Collar,4-074,little_pet_collar_4-074.png;little_pet_collar_4-082.png,Series 4,Petshop,Shopkins
Crepe Suzzane,SHP-003,crepe_suzzane_SHP-003.png,Series 6,Exclusive,Shopkins
Betty Boot,2-109,betty_boot_2-109.png;betty_boot_2-117.png;betty_boot_FS-041.png;betty_boot_FS-047.png,Series 2,Shoes,Shopkins
Bubble Tubs,1-106,bubble_tubs_1-106.png;bubble_tubs_1-116.png,Series 1,Health & Beauty,Shopkins
Helen Helmet,FFC-005,helen_helmet_FFC-005.png,Series 4,Exclusive,Fashion Spree
Lotta Bottle,FGF-000,lotta_bottle_FGF-000.png,Series 4,Exclusive,Fashion Spree
Patricia Parfait Glass,7-080,patricia_parfait_glass_7-080.png,Series 6,Limited Edition,Shopkins
Grace Baseball Bat,5-005,grace_baseball_bat_5-005.png;grace_baseball_bat_5-013.png,Series 5,Sport,Shopkins
Tommy Ketchup,1-015,tommy_ketchup_1-015.png;tommy_ketchup_1-024.png;tommy_ketchup_SMF-005.png,Series 1,Pantry,Shopkins
Jennifer Rayne,3-037,jennifer_rayne_3-037.png;jennifer_rayne_3-045.png;jennifer_rayne_BB-030.png;jennifer_rayne_FS-012.png;jennifer_rayne_FS-030.png;jennifer_rayne_SCH-029.png;jennifer_rayne_SCH-035.png,Series 3,Shoes,Shopkins
Miss Sprinkles,6-029,miss_sprinkles_6-029.png,Series 6,Sweets,Shopkins
Sneaky Wedge,2-108,sneaky_wedge_2-108.png;sneaky_wedge_2-116.png;sneaky_wedge_FS-014.png;sneaky_wedge_FS-032.png,Series 2,Shoes,Shopkins
Dollops,1-071,dollops_1-071.png;dollops_1-079.png,Series 1,Dairy,Shopkins
Pop Rock,SHS-015,pop_rock_SHS-015.png,Series 5,Exclusive,Shopkins
Yo-Chi ,1-123,yo-chi__1-123.png;yo-chi__1-131.png,Series 1,Frozen Food,Shopkins
Rolly Roll,1-145,rolly_roll_1-145.png,Series 1,Exclusive,Shopkins
Ruby Earring,3-137,ruby_earring_3-137.png,Series 3,Limited Edition,Shopkins
Soda,2-144,soda_2-144.png,Series 2,Exclusive,Shopkins
Bridie Basil,6-075,bridie_basil_6-075.png,Series 6,Family Food,Shopkins
Patsy Pasta,6-022,patsy_pasta_6-022.png,Series 6,Family Food,Shopkins
Cindy Bon,SE_007,cindy_bon_SE_007.png;cindy_bon_SE_008.png,Series 4,Exclusive,Shopkins
Cute Boot,2-112,cute_boot_2-112.png;cute_boot_2-120.png;cute_boot_FS-050.png;cute_boot_FS-056.png,Series 2,Shoes,Shopkins
Shy Pie,4-091,shy_pie_4-091.png;shy_pie_4-094.png,Series 4,Petkins,Shopkins
Peely Potato,4-002,peely_potato_4-002.png;peely_potato_4-007.png,Series 4,Fruit and Veg,Shopkins
Tessa Teacup,SHP-018,tessa_teacup_SHP-018.png,Series 6,Exclusive,Shopkins
Nutty Butter,1-016,nutty_butter_1-016.png;nutty_butter_1-025.png;nutty_butter_SV-003.png;nutty_butter_SV-007.png,Series 1,Pantry,Shopkins
Stella Stapler,3-121,stella_stapler_3-121.png;stella_stapler_3-129.png,Series 3,Stationery,Shopkins
Bobby Sock,4-107,bobby_sock_4-107.png;bobby_sock_4-110.png,Series 4,Petkins,Shopkins
Toni Timer,FGF-006,toni_timer_FGF-006.png,Series 4,Exclusive,Fashion Spree
Eggchic,4-113,eggchic_4-113.png;eggchic_4-116.png,Series 4,Petkins,Shopkins
Bessy Baseball,5-007,bessy_baseball_5-007.png;bessy_baseball_5-015.png,Series 5,Sport,Shopkins
Paula Puzzle,5-149,paula_puzzle_5-149.png,Series 5,Limited Edition,Shopkins
Bobby Bubble Gum,SHP-010,bobby_bubble_gum_SHP-010.png,Series 6,Exclusive,Shopkins
Twinky Winks,1-140,twinky_winks_1-140.png,Series 1,Limited Edition,Shopkins
Cuddles Snow Boot,FFC-003,cuddles_snow_boot_FFC-003.png,Series 4,Exclusive,Fashion Spree
Comfy Cushion,4-114,comfy_cushion_4-114.png;comfy_cushion_4-117.png,Series 4,Petkins,Shopkins
Bubblicious,SH_010,bubblicious_SH_010.png,Series 4,Exclusive,Shopkins
Sweet Corn,6-026,sweet_corn_6-026.png,Series 6,Family Food,Shopkins
Jane Frame,5-050,jane_frame_5-050.png;jane_frame_5-058.png,Series 5,Homewares,Shopkins
Bella Mozzarella,6-042,bella_mozzarella_6-042.png,Series 6,Family Food,Shopkins
Patty Cake,3-003,patty_cake_3-003.png;patty_cake_3-012.png;patty_cake_FF-011.png;patty_cake_FF-029.png;patty_cake_SCH-013.png;patty_cake_SCH-019.png,Series 3,Bakery,Shopkins
Carmel Topping,6-048,carmel_topping_6-048.png,Series 6,Sweets,Shopkins
Ginger Fred,3-059,ginger_fred_3-059.png;ginger_fred_3-068.png;ginger_fred_BB-007.png;ginger_fred_SCH-000.png;ginger_fred_SCH-006.png,Series 3,Sweet Treats,Shopkins
B. Nana Split,6-065,b._nana_split_6-065.png,Series 6,Sweets,Shopkins
Squeaky Clean,2-088,squeaky_clean_2-088.png;squeaky_clean_2-097.png,Series 2,Cleaning & Laundry,Shopkins
Blow-anne,SCH-014,blow-anne_SCH-014.png;blow-anne_SCH-020.png,Series 5,Exclusive,Shopkins
Winona Waffles,6-054,winona_waffles_6-054.png,Series 6,Breakfast,Shopkins
Gale Scales,4-044,gale_scales_4-044.png;gale_scales_4-049.png,Series 4,Homewares,Shopkins
Bethany Broccoli,6-018,bethany_broccoli_6-018.png,Series 6,Family Food,Shopkins
Choc Kiss,3-056,choc_kiss_3-056.png;choc_kiss_3-065.png;choc_kiss_BB-031.png;choc_kiss_SHS-020.png;choc_kiss_SHS-026.png;choc_kiss_SHS-032.png;choc_kiss_VAL-004.png,Series 3,Sweet Treats,Shopkins
Pretz-elle ,1-082,pretz-elle__1-082.png;pretz-elle__1-092.png,Series 1,Party Food,Shopkins
Apple Pie Slice,6-057,apple_pie_slice_6-057.png,Series 6,Bakery,Shopkins
Coco Nutty  ,1-144,coco_nutty___1-144.png,Series 1,Exclusive,Shopkins
Teeni 1,FSB-001,teeni_1_FSB-001.png,Series 3,Exclusive,Fashion Spree
Winnie Window Box,5-020,winnie_window_box_5-020.png;winnie_window_box_5-028.png,Series 5,Garden,Shopkins
Olive Oil,6-035,olive_oil_6-035.png,Series 6,Breakfast,Shopkins
V. Nilla Tubs,6-012,v._nilla_tubs_6-012.png,Series 6,Breakfast,Shopkins
Sweeps,2-092,sweeps_2-092.png;sweeps_2-101.png,Series 2,Cleaning & Laundry,Shopkins
Launa Mower,5-023,launa_mower_5-023.png;launa_mower_5-031.png,Series 5,Garden,Shopkins
Scoopy Two,FF-013,scoopy_two_FF-013.png,Series 3,Cool and Creamy,Food Fair
Melonie Pips,1-005,melonie_pips_1-005.png;melonie_pips_1-012.png,Series 1,Fruit and Veg,Shopkins
Bertha Bath,5-051,bertha_bath_5-051.png;bertha_bath_5-059.png,Series 5,Homewares,Shopkins
Zappy Microwave,2-022,zappy_microwave_2-022.png;zappy_microwave_2-031.png,Series 2,Homewares,Shopkins
Pappa Pizza Base,6-019,pappa_pizza_base_6-019.png,Series 6,Family Food,Shopkins
Heel,FSD-003,heel_FSD-003.png,Series 3,Exclusive,Fashion Spree
Ma Kettle,2-021,ma_kettle_2-021.png;ma_kettle_2-030.png;ma_kettle_SXL-002.png;ma_kettle_SXL-008.png,Series 2,Homewares,Shopkins
Washa,3-103,washa_3-103.png;washa_3-112.png,Series 3,Homewares,Shopkins
Hillary Harp,5-039,hillary_harp_5-039.png;hillary_harp_5-047.png,Series 5,Music,Shopkins
Papa Tomato,1-141,papa_tomato_1-141.png,Series 1,Limited Edition,Shopkins
Candi Cotton  ,1-051,candi_cotton___1-051.png;candi_cotton___1-060.png,Series 1,Sweet Treats,Shopkins
Boo-Hoo Onion,2-006,boo-hoo_onion_2-006.png;boo-hoo_onion_2-014.png,Series 2,Fruit and Veg,Shopkins
Party Plate,4-067,party_plate_4-067.png;party_plate_4-072.png,Series 4,Party Time,Shopkins
Sneaky Sally,3-040,sneaky_sally_3-040.png;sneaky_sally_3-048.png;sneaky_sally_BB-036.png,Series 3,Shoes,Shopkins
Snippy,3-122,snippy_3-122.png;snippy_3-130.png;snippy_BB-040.png,Series 3,Stationery,Shopkins
Toasty Pop,2-017,toasty_pop_2-017.png;toasty_pop_2-026.png,Series 2,Homewares,Shopkins
Fiona Fries,3-090,fiona_fries_3-090.png;fiona_fries_3-099.png;fiona_fries_SSP-002.png,Series 3,International Food,Shopkins
